CountryName,CountryCode,1990,1991,1992,1993,1994,1995,1996,1997,1998,1999,2000,2001,2002,2003,2004,2005,2006,2007,2008,2009,2010,2011,2012,2013,2014,2015,2016
Aruba,ABW,0,0,0.029310471,,,2.138784453,3.605985937,3.98141538,6.16435217,13.48254011,16.50927821,57.05427692,65.05605558,72.10431377,99.64250268,103.3849507,108.1325002,112.2180618,119.2038996,126.2103374,129.72824,,131.8565401,134.873823,135.0658893,135.72178,
Afghanistan,AFG,0,0,0,0,0,0,0,0,0,0,0,0,0.112598381,0.865196277,2.498055472,4.826865367,9.833164022,17.71624331,29.22037376,37.89493697,35.97403913,47.40646435,51.43454705,55.01222617,58.84547053,61.57768158,66.00374446
Angola,AGO,0,0,0,0.009672748,0.015532086,0.016472597,0.026485822,0.055130843,0.07474762,0.177638088,0.185322296,0.521366177,0.940444726,2.269621281,4.63174063,9.738161173,17.83989624,28.01098233,36.98368954,42.84657348,48.10120904,59.82618856,61.40627578,61.87329711,63.4792082,60.84389581,55.27564687
Albania,ALB,0,0,0,0,0,0,0.068840778,0.099059921,0.168397958,0.331772024,0.901406013,11.94887288,26.07553141,33.95706284,39.16395669,47.87802749,60.06734238,73.35038415,58.91235149,78.1845877,85.468247,98.29153459,110.6865316,116.1572081,105.4699657,106.3802068,105.0623124
Andorra,AND,0,0,1.307211734,1.278625641,1.250259142,4.424155104,8.538444783,13.44671556,22.12730607,32.14530928,35.99902139,43.27794118,45.77115817,68.60251444,73.82494308,79.48487497,84.27763597,78.1171579,80.2836099,82.06181111,84.06818386,83.53432222,81.50204186,80.70261809,82.64319489,88.12353305,87.18973316
Arab World,ARB,0.038825634,0.056061866,0.063570087,0.081298004,0.105012027,0.197623255,0.355462105,0.611174873,0.935105895,1.490951415,3.178495929,5.746610803,8.526644585,11.59638248,16.83769437,26.79003996,38.84567204,52.5371804,62.92096881,76.15636662,87.62881812,98.87331389,105.0371746,110.0126103,109.9206739,108.9361734,106.7717208
United Arab Emirates,ARE,1.858734413,2.254085688,2.430181766,3.327734151,4.098632759,5.496642593,7.844957726,11.85794673,17.91459445,28.76186046,47.18932233,60.95911885,75.31310009,88.21926159,100.6685238,109.2858728,113.2014286,133.3628641,137.6413795,138.2668687,129.4316308,131.3980376,149.6390858,171.8737993,178.0615447,187.3480233,204.0205231
Argentina,ARG,0.036781751,0.075585347,0.138988317,0.329780857,0.701068622,1.163818921,1.891500329,5.62910957,7.396595596,10.54064245,17.58105905,18.08742442,17.4519491,20.6535373,35.27228837,57.32899426,80.81882641,102.7215283,117.2211834,131.1294492,141.383022,149.0906224,156.564756,162.5274217,146.4823886,146.7017843,150.6656849
Armenia,ARM,0,0,0,0,0,0,0.009453508,0.15935483,0.251561377,0.263783931,0.568447429,0.833474947,2.341613166,3.767384533,6.719510373,10.54901346,41.95135986,62.7586975,48.43008603,73.83377008,130.4322327,108.336201,111.9146632,112.4206552,115.9232102,115.8898894,114.7796321
American Samoa,ASM,0,0,1.411375688,1.774273041,2.316289305,2.364110905,2.410710974,2.548141677,2.683411152,3.170800451,3.463022843,3.7059956,3.466771101,3.552277687,3.796699403,,,,,,,,,,,,
Antigua and Barbuda,ATG,0,,,,,,1.850665528,1.938199136,2.021399887,11.17818019,28.3329899,31.65678975,47.73834812,56.98111342,66.08091241,104.1603585,132.0006709,133.1575767,160.0393678,156.3441483,192.5532769,199.6642164,143.0138432,127.0856254,132.0539476,191.6751977,194.0826361
Australia,AUS,1.081736077,1.682627998,2.835372025,3.892879466,6.807810813,12.37017796,21.7568676,24.66137476,26.16715738,33.18891382,44.45626668,57.12450962,64.2670099,71.9035383,81.50958522,89.76286231,94.70140374,100.0646043,102.1940537,100.7390114,100.4263074,104.610551,105.585695,106.8434974,106.0508708,107.7201488,109.6064682
Austria,AUT,0.96086037,1.493599184,2.211730703,2.805498884,3.504549191,4.80296973,7.475118128,14.47070198,28.62886002,53.07787628,76.26932886,81.26031128,83.24472516,89.33569564,97.54481697,105.1755856,112.124675,119.2569828,129.6551516,136.57901,145.6928199,154.426039,160.5397387,156.2304116,151.9112515,157.4082637,166.1389108
Azerbaijan,AZE,0,0,0,0,0.006514549,0.077212068,0.216497822,0.504939253,0.814081353,4.597452067,5.178780011,8.907406533,9.592056203,12.62937463,17.20615651,26.18119583,38.35542641,51.52721935,73.75810024,86.32194952,100.0593201,109.9720704,108.7683381,107.6134072,110.9053634,111.2826317,106.2845688
Burundi,BDI,0,0,0,0.005879704,0.006184101,0.009082238,0.008912568,0.009718077,0.009615874,0.012222561,0.244520537,0.488582584,0.738874924,0.881016032,1.338877194,1.969012632,2.486764507,3.241953471,5.572453585,10.31456575,18.1747416,20.06827414,22.81446021,24.96258806,30.46201036,46.2209572,48.04065322
Belgium,BEL,0.429735061,0.513631256,0.611545879,0.671587939,1.264320986,2.315095365,4.694050625,9.548274196,17.1799361,31.11171947,54.81877375,74.72253301,78.36155617,82.86829993,87.46025396,91.40294897,93.00741585,100.5624899,105.283158,108.4032585,111.0841886,113.5309512,111.3315482,110.9031799,114.2699575,114.2235584,111.0129108
Benin,BEN,0,0,0,0,0,0.017541931,0.043828702,0.067517635,0.096020877,0.107840809,0.79828865,1.742181889,2.950472734,3.08093958,5.797473518,7.28722342,12.50317546,23.56334604,40.40173435,54.46885832,74.39604921,79.40049868,83.65431589,93.25782193,81.70596565,85.64432269,79.64830208
Burkina Faso,BFA,0,0,0,0,0,0,0.00506143,0.014092851,0.024890963,0.044637705,0.217480374,0.637748952,0.902809026,1.880815092,3.037679629,4.720290206,7.354840819,13.05253397,20.62907931,25.3304628,36.72938024,48.02719397,60.60765215,66.37728295,71.7259882,80.64303328,83.62763173
Bangladesh,BGD,0,0,0.000222359,0.00043517,0.000940619,0.0020856,0.00326795,0.020809104,0.058833439,0.114644643,0.210751714,0.385958523,0.784635571,0.980702181,1.969454675,6.28776238,13.20573922,23.46762823,30.16828408,34.35334451,44.94535882,55.19256723,62.82023906,74.42964608,80.03535051,81.89932116,77.88240574
Bulgaria,BGR,0,0,0,0.011692572,0.076908205,0.250295641,0.321320979,0.853688207,1.561842059,4.339230099,9.224411944,19.53377787,33.00364603,44.84272118,61.07153717,81.27954474,108.2720221,130.8646368,138.9755558,140.4048536,138.0389827,142.8461575,148.1311121,145.1876887,132.351139,129.271715,127.2292355
Bahrain,BHR,1.037818786,1.442965201,1.852315921,2.120546339,3.207749877,4.895960832,6.913956774,9.799631738,14.90809458,20.82466731,30.78644018,42.87476619,53.10146463,57.39322693,79.19074229,87.21698081,95.42373897,108.1005238,129.0979339,117.6607732,125.2084477,131.009991,161.1670576,165.9088811,173.2739335,185.2619572,216.9258305
"Bahamas, The",BHS,0.749791291,0.773644017,0.977087303,0.885634717,,1.464024281,1.744231135,2.161446077,2.784158716,5.422195868,10.58708553,19.98481873,39.3992344,38.72582567,57.69447891,69.21279415,75.37855087,109.340767,102.7875065,101.2186453,118.8292307,81.5628489,80.65383375,76.05187427,82.29635806,80.29307262,91.81818877
Bosnia and Herzegovina,BIH,0,0,0,0,0,0,0.043034507,0.254525031,0.691629718,1.402104049,2.435501689,11.46353529,19.21141303,27.58857728,36.21150774,41.09375467,48.7159617,63.34032541,82.33282857,84.52795238,80.87078571,82.60007887,87.57471473,91.09530785,91.27895029,90.15196021,89.24919928
Belarus,BLR,0,0,0,0.003162103,0.016869419,0.057875715,0.064472565,0.080697147,0.120576083,0.23375711,0.494446704,1.394421246,4.695385079,11.42668966,23.03795343,42.41718896,61.95195003,72.61067076,85.05828031,101.6840082,108.8697059,113.1688625,113.5179254,118.786176,122.5011386,123.6360037,124.1695225
Belize,BLZ,0,0,0,0.201592581,0.411172831,0.747480214,1.028369629,1.164387324,1.570531759,2.842663676,7.046515722,15.96872731,20.54645981,23.38066005,28.29761545,35.30450132,42.2961808,41.34020042,54.51721037,53.74564807,62.93070205,70.31965347,53.20712214,52.61072612,50.712566,60.974459,63.87061558
Bermuda,BMU,1.859593966,2.393935364,3.200793585,5.592013289,8.390338101,10.29850017,12.9329206,16.57633243,20.18755219,20.46133926,20.68844789,21.12459598,47.32383702,62.83281758,76.66911799,82.19904267,93.41436498,106.9568452,122.1643187,131.1485527,135.794676,,139.5363101,144.3197992,90.88006599,57.94626247,
Bolivia,BOL,0,0.004240494,0.021773635,0.036460894,0.054342489,0.094677895,0.427823762,1.484397923,2.935775674,5.050749735,6.858168503,8.996551647,11.57177993,14.18292347,19.60018982,25.88431131,30.21985533,33.63225131,51.23601575,64.68655431,70.68598048,80.90771949,90.44349501,97.69945273,96.33724828,92.1838516,90.74927347
Brazil,BRA,0.000445712,0.004403447,0.020698847,0.115915349,0.360031692,0.794074075,1.519628432,2.725767586,4.347740579,8.739617433,13.28797717,16.24346532,19.44379918,25.51445011,35.65289881,46.31418452,53.11025849,63.67475185,78.5549801,87.54187651,100.8810115,119.0023853,125.0018521,135.3050481,138.9514906,126.5922645,118.922999
Barbados,BRB,0,0.186797348,0.305024084,0.59607052,1.130539817,1.753272662,2.380970426,3.028276003,4.521988167,7.628652994,10.6542161,19.79567344,36.06098158,51.69027189,73.5247332,75.37065739,86.2492407,93.23830793,103.972136,120.8077962,124.8452189,123.4606322,123.3298378,108.1027529,106.7781561,116.4566825,114.9950327
Brunei Darussalam,BRN,0.689684699,1.144394171,1.508816445,2.969404832,5.43654522,12.16292716,14.38757599,14.52062574,15.48765187,20.33892037,28.63161956,42.16988977,44.35447321,50.15283516,56.11299429,63.31987548,80.4383275,95.9883599,102.793692,104.6861055,108.6214859,109.015478,113.9487384,112.2144457,106.8167909,108.1311153,120.6674535
Bhutan,BTN,0,0,0,0,0,0,0,0,0,0,0,0,0,0.365843964,3.019121524,5.53491068,12.33202317,21.99686472,36.61427504,48.10756491,54.99993723,66.37918152,75.6097824,72.19831102,81.57982737,87.0290974,88.78093119
Botswana,BWA,0,0,0,0,0,0,0,0,0.897675617,5.33356832,12.65769422,18.63146249,18.36751842,24.28121327,28.18941102,30.05546952,43.41214719,60.13830503,76.83593118,96.02329234,120.0102471,145.9838697,153.7856491,160.6410528,167.2975939,169.0030004,158.5343822
Central African Republic,CAF,0,0,0,0,0,0.001343226,0.031967296,0.040003118,0.046681951,0.116598212,0.136519203,0.296972634,0.334461655,1.04448569,1.540992322,2.524680647,2.728105589,8.278756443,13.61972672,20.24357708,22.51148929,22.37140338,25.26102109,29.46657548,24.53960893,25.86868182,25.48780926
Canada,CAN,2.110674786,2.769888481,3.621301434,4.648371087,6.435664704,8.840378661,11.82226558,14.04583637,17.73689555,22.72196984,28.42909462,34.36625958,37.94941948,42.07126881,47.06386648,52.75959279,57.49320536,61.47310755,66.20487722,70.54830532,75.676078,77.82549309,79.56833775,80.61008074,81.0393165,82.97723837,84.06444554
Central Europe and the Baltics,CEB,0.002597791,0.011661181,0.040827293,0.099847911,0.264693078,0.501823664,1.109543555,2.84876704,5.710329757,10.87733514,20.66495898,32.42652751,44.06820564,53.93107791,67.51983911,81.79641151,96.49349918,110.4606381,118.2050008,118.7188854,120.6792463,123.5808771,127.9636271,130.1825142,129.1291335,126.0254949,127.4746973
Switzerland,CHE,1.873666451,2.58986839,3.15607763,3.740083886,4.772581632,6.372585485,9.387357671,14.72994464,23.878032,42.84137752,64.73332728,73.26690722,79.21417229,84.90784638,85.43372768,92.24719407,99.3850712,108.5154861,116.25028,120.4037109,123.1609109,127.383212,132.0563723,136.7772396,136.6773982,136.4697443,135.6196304
Channel Islands,CHI,,,,,,,,,,,,,,,,,,,,,,,,,,,
Chile,CHL,0.105350944,0.268539847,0.470127826,0.610285808,0.814454288,1.366430697,2.178877112,2.75502543,6.397437861,14.80909023,22.01007195,32.61518474,39.47217874,45.43908728,57.28133939,64.69417543,75.43868865,83.7200337,87.91177733,96.81312008,115.7513836,128.9269073,137.0811793,134.2890529,133.240814,129.4703901,127.1180653
China,CHN,0.001571868,0.004018906,0.014759086,0.052592372,0.127903776,0.293245078,0.549163873,1.052726386,1.886071369,3.401326149,6.658707962,11.24474524,15.90376731,20.72082242,25.55100154,29.84470593,34.76674887,41.01687431,47.75671627,55.29808341,63.17027802,72.0713209,80.76271455,88.70833462,92.27349082,92.18011871,96.87787265
Cote d'Ivoire,CIV,0,0,0,0,0,0,0.09259594,0.239327506,0.590886388,1.627198864,2.93188436,4.436889916,6.159273168,7.573690548,9.766100444,13.5071853,23.01735374,41.60500652,57.22349848,70.87826244,82.20152116,89.44962943,91.22862939,95.44605196,106.2476093,119.3109704,126.0146009
Cameroon,CMR,0,0,0,0,0.011810778,0.020101116,0.024446549,0.02855312,0.033095248,0.03867561,0.648423286,2.552194314,4.18010464,6.253165411,8.661224693,12.41890525,16.84911141,23.75158108,31.44110653,39.81367836,41.8760103,49.56740015,60.40682443,70.3904685,75.6851331,71.84542948,68.11383605
"Congo, Dem. Rep.",COD,0,0,,,,0.020232062,0.016696581,0.020191297,0.022241527,0.026150001,0.031949396,0.311416239,1.130925646,2.444905248,3.792769423,5.082723491,7.942801654,11.52690544,16.89524742,15.63752578,19.00647586,24.47130767,30.58009217,41.81656407,53.49321638,52.98907151,39.48110435
"Congo, Rep.",COG,0,0,0,0,0,0,0.035745282,,0.114474547,0.164233601,2.239137305,4.679258656,6.754536548,9.811447759,11.12402678,15.75537552,25.16003031,34.25590964,46.61451448,73.79715284,90.44274713,91.93909914,98.75682808,104.7695043,108.1495742,111.6643425,113.3471493
Colombia,COL,0,0,0,0,0.24169275,0.750781397,1.404166019,3.336985973,4.667668497,5.012308803,5.656428656,8.05071461,11.15236825,14.7740697,24.45605295,50.59739682,67.88728318,76.27493489,91.61012359,92.04640981,95.76455258,98.13425332,102.8549384,104.0845439,113.0811454,115.7447743,117.0901968
Comoros,COM,0,0,0,0,0,0,0,0,0,0,0,0,0,0.350575206,1.431185075,2.584009868,5.981418464,9.815151975,14.12941193,18.40512718,24.19595919,30.91017629,39.51356301,47.28425115,50.90120382,55.16285786,57.65843875
Cabo Verde,CPV,0,0,0,0,0,0,0,0.004789708,0.239474846,1.858266846,4.459276806,6.988944394,9.354227469,11.42376199,13.89003267,17.07319111,22.58745902,31.46741973,57.29277356,59.83377049,76.26543014,80.81218046,86.02531144,100.1124481,121.7897017,118.5837522,122.0229832
Costa Rica,CRI,0,0,0.093024176,0.136853257,0.205830135,0.539072399,1.304630033,1.760159868,2.900080921,3.596761254,5.385144702,8.146131245,12.27400192,18.65912118,21.73836456,25.49240416,32.86782699,33.79212704,41.62122844,42.38509644,66.9932126,87.66035275,111.9199133,145.9716479,142.1782166,150.6620506,159.2314897
Caribbean small states,CSS,0.034895138,0.098208486,0.23187363,0.407774046,0.630540947,1.09438499,1.375131879,1.732894934,2.257219077,4.110624057,11.20844431,18.84024547,31.43276044,43.08084245,55.34427778,65.16617643,82.94775753,94.78155491,103.9363771,111.0521354,114.477539,107.9535208,104.2195293,109.4297757,111.7536122,113.9554263,117.231272
Cuba,CUB,0,0,0.002175148,0.00462041,0.010589381,0.017736898,0.022102299,0.027158313,0.036659711,0.046263685,0.058679798,0.076766381,0.159211568,0.314389406,0.672354824,1.200257384,1.351328632,1.75418261,2.936664083,5.502396795,8.890583462,11.66313248,14.92016162,17.71492741,22.47839584,29.65072755,35.49171001
Curacao,CUW,,,,,,,,,,,,,,,,,,,,140.2496774,138.2651125,136.1469876,131.8166305,128.1821618,118.9902123,115.824836,112.0581172
Cayman Islands,CYM,0,2.132692381,3.605576235,4.397598771,6.032274164,8.000757767,,11.54343185,13.69826718,21.12534539,25.66870577,39.24556179,42.46569219,45.70733403,71.46028457,166.4747136,185.0217887,197.1887628,185.8047324,200.2745279,181.174224,170.9810781,171.6762203,167.7693163,153.7483538,155.4921874,157.6842556
Cyprus,CYP,0.411682066,0.655184655,1.216371494,1.867090695,2.739958383,5.196816887,8.105505207,10.32497954,12.82201225,16.38578873,23.14502373,32.69487385,42.6515777,55.27790635,64.79829104,75.78090348,82.77911008,92.9655393,129.4054983,121.1152274,124.9330675,128.4975265,128.5953235,127.5810419,130.1924519,131.7901791,134.4775234
Czech Republic,CZE,0,0.012023234,0.044996981,0.135784868,0.294173605,0.472956237,1.939566548,5.104522953,9.381611565,18.93412681,42.3984415,67.90006485,84.29721942,95.14729054,105.6300232,115.1035371,120.7427007,127.9639191,132.350961,124.5668165,122.5551112,124.0943746,126.8464851,128.1914358,129.539048,115.5656089,115.4745669
Germany,DEU,0.338698748,0.656885288,1.190674527,2.157949827,3.009651998,4.479975831,6.609990079,9.912481627,16.66213257,28.08210875,57.71833398,67.14964818,70.65529898,77.33760059,85.06020667,94.55486999,102.2828888,115.1403608,126.5575074,126.2280577,106.4836959,109.6595675,111.5940398,120.9211651,120.4201855,116.7122833,114.5288178
Djibouti,DJI,0,0,0,0,0,0,0.016274814,0.029510232,0.031432074,0.039345073,0.031816868,0.408868633,2.014953643,3.046014687,4.50288335,5.672656567,5.690729661,8.70663211,13.93013208,15.66875338,19.85681673,22.80161957,24.71558258,27.96586676,32.38686559,34.94105538,37.8178544
Dominica,DMA,0,0,0,0,0,0,0.647963343,0.785799084,0.924674586,1.144459386,1.722183154,11.06804479,17.43832908,33.95186845,59.49235691,73.71494996,101.1458481,125.7150929,128.3805708,138.7402107,148.3370101,152.5524853,152.4747503,129.9598628,102.1357183,106.2933407,107.4325157
Denmark,DNK,2.88347134,3.413512849,4.081427044,6.889123885,9.661657764,15.71430701,25.05702382,27.36597973,36.44494478,49.41497271,63.00812452,73.95702529,83.40020495,88.56084311,95.70911343,100.5816868,107.1170645,115.3715804,119.3024732,123.6993991,115.669923,128.661526,130.2798977,125.1295938,126.9503442,125.0370073,122.8939236
Dominican Republic,DOM,0.043698337,0.075821226,0.095352766,0.134804055,0.267922366,0.701670075,1.016767731,1.714916352,2.494884143,4.977015979,8.142637879,14.43390143,19.032561,23.06075038,27.52205864,38.77928523,48.58664735,57.33593759,73.95219275,87.30861627,88.7787084,86.43207979,86.93709732,88.43350015,78.86382636,82.5867021,80.83152181
Algeria,DZA,0.001791178,0.017777422,0.017363261,0.016979454,0.004688247,0.016001794,0.039202273,0.057339703,0.05840281,0.230206295,0.27112703,0.311040075,1.382262358,4.384169991,14.59120666,40.22671305,60.85091077,78.53288666,75.6646235,89.95836607,88.44487548,94.31443964,97.52089467,100.7877205,108.4380562,106.3843412,117.0201102
East Asia & Pacific (excluding high income),EAP,0.011397838,0.021702255,0.042832306,0.091276359,0.182546738,0.382200086,0.670649276,1.116128529,1.730428954,2.983739405,5.715763227,9.755634224,14.08030185,18.49917843,23.56947995,28.14687957,33.7924501,42.56811922,52.38219007,60.6524073,69.92416115,79.87846384,88.68077413,95.68772195,100.7837335,101.3649043,107.2224257
Early-demographic dividend,EAR,0.009222367,0.019028089,0.034290534,0.053477298,0.102427571,0.183785832,0.345707682,0.651651078,1.049791666,1.887530108,3.290524631,4.682102734,6.084134909,8.354933943,11.73812355,17.37146927,25.49975121,35.03480717,45.63990503,56.25815829,68.87953691,78.43386487,80.68365807,84.4554131,87.50803303,90.63662074,96.16582051
East Asia & Pacific,EAS,0.088997187,0.146244753,0.213171109,0.312817357,0.576998231,1.247704152,2.474717191,3.725149931,5.294958888,7.820842028,11.39397119,15.81584052,20.3257929,24.74001751,29.60996318,34.07117549,39.47870679,48.03977794,57.10186039,64.94370914,73.73623434,83.2737837,91.63290721,98.26934195,103.2511485,104.0539066,109.5728099
Europe & Central Asia (excluding high income),ECA,0.008396295,0.013071236,0.019148966,0.028062038,0.062636816,0.161259246,0.314893302,0.692778318,1.442931128,3.214429215,6.650761597,10.28485683,15.47125562,23.6541812,39.50588977,60.9353949,80.21752083,94.73271651,108.0201627,117.891357,122.4429212,119.3221924,121.7697096,126.0283513,127.5431703,128.8272493,128.9926049
Europe & Central Asia,ECS,0.41460206,0.56439764,0.744279956,1.102596262,1.793815607,2.844323023,4.475722921,7.183478351,12.26972622,21.31433246,34.11230295,41.98483842,47.62051596,55.08667549,66.08459731,80.95371758,94.45858616,106.1699188,114.8874864,119.2738141,120.1242905,120.3142925,122.5584295,125.1819269,125.203626,125.1487025,125.1085847
Ecuador,ECU,0,0,0,0,0.170828212,0.480566995,0.517246854,1.072140872,2.0163,3.118622576,3.847519769,6.722172021,11.97894159,18.05870507,26.19668978,45.33840899,60.50592352,69.66428675,80.51374955,89.7355484,98.53115831,100.5655994,106.2255329,105.6444776,103.8991648,79.77343461,84.30334065
"Egypt, Arab Rep.",EGY,0.007100178,0.007841417,0.008416892,0.011595444,0.012237709,0.012045436,0.011861838,0.103619882,0.141666208,0.738848579,2.056199148,4.157181333,6.580539155,8.349882145,10.82720009,18.98863599,24.66217297,40.54135052,54.69017202,72.09666743,90.50319174,105.0794228,119.9164442,121.507893,114.3059858,110.9915544,113.6982662
Euro area,EMU,0.43921127,0.717345166,1.040500327,1.607702684,2.510037075,4.112697867,7.176675149,12.56794687,21.92606542,37.72004984,59.13683998,71.55463763,76.3100702,82.2609956,88.91628388,97.89774368,105.909897,115.8908435,121.2387822,120.4248399,116.4766491,119.4058708,120.7307928,121.6782785,119.9582971,119.2679262,119.0727502
Eritrea,ERI,0,0,0,0,0,0,0,0,0,0,0,0,0,0,0.428676577,0.833074787,1.23129209,1.619011387,2.018352101,2.539273454,3.227135845,4.077954414,4.979397878,5.602975462,6.38599695,7.04995255,7.294370822
Spain,ESP,0.140678283,0.278272537,0.461351559,0.656329161,1.047842335,2.397111579,7.586339439,10.95273284,16.20300377,37.56120588,60.23673164,72.76287627,81.09707953,88.58520439,90.42919646,98.40193058,103.7617236,108.4148248,109.6808813,111.5801838,111.275767,113.0635394,108.3640175,106.8867146,107.9458995,108.1965621,109.7403864
Estonia,EST,0,0.036792424,0.164001155,0.484397233,0.943535167,2.12493964,4.920277348,10.32159425,17.82710022,28.13023353,40.77249606,48.00416351,65.37189261,78.40820096,94.27919527,109.0700258,125.7645616,128.0786178,124.2110004,120.5357013,127.2827876,139.5193349,154.9259439,149.7317151,147.8107077,148.6880842,148.67534
Ethiopia,ETH,0,0,0,0,0,0,0,0,0,0.01050517,0.026894684,0.040466846,0.072008853,0.071293566,0.209993373,0.539116292,1.107028759,1.5023463,2.36564857,4.775809745,7.869542323,15.80285822,22.37451927,27.25468539,31.59388039,42.76402881,50.5130341
European Union,EUU,0.647364268,0.888126745,1.180231257,1.773740827,2.896976353,4.554784521,7.188605675,11.51535492,19.70766382,33.92040977,53.5884582,64.82275077,70.9473107,77.90593795,85.95296178,95.80342435,105.0255772,115.1694166,120.5537904,120.4607987,118.1126517,120.8167558,122.6815424,123.7926059,122.4154127,121.3146159,121.0749117
Fragile and conflict affected situations,FCS,0,0,0.000734126,0.00269425,0.004637836,0.047492217,0.080504205,0.153897652,0.225383311,0.377122948,0.592901165,0.983678521,1.522154087,2.499683476,4.206640832,6.65407283,12.71456909,18.92320826,25.88142579,32.231038,38.09449155,44.92062058,50.59866777,58.50005725,67.63361281,71.8768336,69.19995068
Finland,FIN,5.171190195,6.370787129,7.666908049,9.664672185,13.28153215,20.34240794,29.30153817,42.06724499,55.22721773,63.37991163,72.03009689,80.48036651,86.85667387,91.05950591,95.40312987,100.450445,107.6347185,114.8847345,128.424569,144.0887946,156.3055115,165.8909009,172.3224293,136.578674,139.6638962,135.4468526,134.4753788
Fiji,FJI,0,0,0,0,0.143666151,0.283656121,0.471549627,0.655656678,0.999230592,2.897663403,6.783367646,9.934086167,11.01395796,13.44576273,17.36152235,24.92449701,34.37685675,63.44901555,71.10259987,75.07516314,81.10077287,83.76338399,98.17854865,105.6001544,98.77670015,108.2021715,103.3027513
France,FRA,0.498190672,0.656765549,0.761609496,0.993573197,1.527885256,2.24533597,4.230263986,9.958005642,19.11826072,36.39293613,49.06407866,62.07543084,64.25770241,68.89744917,73.01991391,78.26189586,83.53432024,88.98459991,92.67718212,92.09659575,91.38732973,94.0767743,97.37775287,98.49547248,101.2124157,102.6131585,103.4526224
Faroe Islands,FRO,0,3.008674415,3.688278231,3.52654245,4.393732207,5.800585047,7.410685914,10.5847387,14.46392897,23.50179086,36.50383945,51.95077968,72.7461205,78.71574066,84.65827559,85.50562483,101.1150686,105.2770715,110.6026088,114.9052419,119.8967346,118.0097274,118.6159253,116.7417979,117.8366357,107.5096978,109.8794063
"Micronesia, Fed. Sts.",FSM,0,0,0,0,0,0,0,0,0,0,0,0,0.093472795,5.494495207,11.99343186,13.27143637,17.61444278,26.10540739,26.31629313,26.4466307,26.55690559,26.68626238,30.18811355,30.31704797,,21.54413173,22.24735117
Gabon,GAB,0,0,0.028032995,0.117009358,0.245162295,0.370206862,0.613332035,0.835229451,0.831015195,0.743444999,9.791705935,11.94934434,21.72917519,22.79947105,36.32676997,53.40403707,63.55598776,80.76618018,87.6694296,95.44779828,103.4556766,148.6936289,156.6686186,164.2167217,171.375053,161.1213232,144.1660721
United Kingdom,GBR,1.947059624,2.196366801,2.619945977,3.932425055,6.812778164,9.889762431,12.46095848,15.15254531,25.41757307,46.28415293,73.70811816,78.20217751,82.83088603,90.88455695,99.50619762,108.5920211,115.6002598,121.1018108,122.1864624,123.9547246,123.6254863,123.6041988,124.7618169,124.6098071,123.5810846,124.1322156,122.3202721
Georgia,GEO,0,0,0,0,0,0.002960248,0.046091288,0.609447781,1.234098639,2.773981786,4.105349723,6.435462135,10.8965115,15.58014589,18.61778229,26.23972528,38.32379074,58.73630305,62.43820399,64.46125996,90.64792691,101.2829241,107.809112,115.0251043,124.9355401,128.9505963,129.0941061
Ghana,GHA,0,0,0.002585366,0.010950971,0.020417059,0.036990796,0.074354288,0.12446167,0.232363487,0.380901054,0.690808845,1.263629537,1.954760936,3.918536618,8.135148478,13.44255251,23.72559884,33.75729429,50.0664665,63.77348397,71.86671124,85.27494343,100.9932997,108.1911482,114.8194789,129.7359971,139.1290239
Gibraltar,GIB,0,0,0,0,0,2.41891149,3.673020528,5.948446794,8.991945864,13.40437259,20.32101203,35.47324209,43.46599028,55.96029986,63.86998194,68.77579092,75.2342521,81.9000819,88.74931731,97.72098268,102.5535842,111.0655458,118.6735879,,129.5380944,141.176671,155.6751234
Guinea,GIN,0,0,0,0.000588556,0.010806418,0.012121718,0.011736,0.034568886,0.255012846,0.292782939,0.481493068,0.625832387,1.003476993,1.211353347,1.651452655,1.973615991,,19.90650512,26.66103586,32.936074,36.7781157,43.54770359,48.76925037,63.31503903,72.09875075,87.17366364,85.33367045
"Gambia, The",GMB,0,0,0.020823423,0.04532642,0.078334523,0.135304285,0.282499795,0.420058457,0.435446069,0.444791613,0.455705803,4.348732248,7.653059272,11.07116691,12.57243519,17.22725782,27.27777463,52.33214725,73.90036908,80.62692375,87.9633354,80.76025697,85.20375721,99.9766937,119.6304887,137.8457028,139.6287262
Guinea-Bissau,GNB,0,0,0,0,0,0,0,0,0,0,0,0,0,0.093711482,2.836587237,6.952089848,10.83048396,19.95658668,32.9718113,36.13019495,42.69221945,45.10659833,63.0692167,55.15072568,63.48369055,69.2749664,70.25963885
Equatorial Guinea,GNQ,0,0,0,0,0,0,0.013365791,0.063655345,0.061043034,0.119481688,0.964917528,2.805878128,5.803420028,7.299244396,10.56344638,16.0524014,19.30759738,23.45149761,27.35458379,29.5486008,57.35549085,66.8802619,68.05374469,67.47338887,66.38811096,66.71937471,65.90135019
Greece,GRC,0,0,0,0.458787633,1.447153501,2.558141736,4.944987939,8.655453683,18.78539526,35.66038018,53.99532333,72.31264774,84.47267901,81.00455341,84.49551267,92.92454872,99.34233967,111.0964206,124.5083602,119.7955893,110.6455185,109.0787779,120.0963016,112.4969109,109.131534,112.9501854,112.7599929
Grenada,GRD,0.155785888,0.152402675,0.186212076,0.286871071,0.352102049,0.398990554,0.565498631,0.965142151,1.391877752,1.983418933,4.231450502,6.29755815,7.397721819,41.31426506,42.19278165,45.51485658,44.7346504,49.60226285,57.75122195,109.710823,116.4974159,115.018939,123.159182,125.5937373,110.204792,112.2527977,111.1232534
Greenland,GRL,0,0,0.306155334,0.784313725,1.727072397,3.676826318,7.382862874,11.59889756,15.90584114,24.12353476,26.9056859,28.19106449,35.24250893,52.43777762,68.62221128,81.61115306,94.68599034,116.8664308,98.48434054,94.51819901,101.4200828,103.7367994,104.6982584,105.9890852,106.3606466,106.5037102,
Guatemala,GTM,0.003295716,0.013419628,0.02298958,0.031366214,0.107232198,0.300474937,0.425086663,0.614318049,1.042410082,3.087211532,7.647420611,9.987303754,13.40404656,16.86814086,25.61697311,35.57138428,55.2407726,89.33491997,109.5274308,123.7220234,125.9831555,132.4516485,137.8194849,140.393535,106.6337703,111.4812993,115.3433139
Guam,GUM,0,0.649180475,0.951746942,1.363896438,2.869627327,3.410917685,3.919357017,3.774300427,8.430142834,12.99114653,17.51133086,20.84172436,44.83563447,50.56297244,61.94925218,,,,,,,,,,,,
Guyana,GUY,0,0,0.116319598,0.142124324,0.172352271,0.170709867,0.164189009,0.190720364,0.197145592,0.379868456,5.35010766,10.07413827,10.57779542,18.30583908,22.67765302,36.98152291,52.26250936,69.9336844,57.72160482,62.54783594,71.28590073,66.85662336,68.77901955,69.41295352,70.53891053,67.18556335,66.42847723
High income,HIC,1.088979193,1.550983097,2.158784647,3.079247753,4.835142776,7.640130684,11.91845262,16.82942392,24.18057311,35.45774773,49.33116618,58.17958552,63.70313431,69.64925237,76.31077933,83.48029448,91.08969573,99.37696117,103.9350332,106.9237254,108.8437911,112.7272972,115.2370196,117.0870892,121.0833442,123.1715461,125.9058559
"Hong Kong SAR, China",HKG,2.311204939,3.238869715,3.947248663,4.872216207,8.020962705,12.99329905,21.70170873,34.67552508,48.15693696,63.49747283,79.69431046,83.80339232,92.52968608,106.4079144,119.1029016,123.8892854,136.6602462,155.0398371,166.1936237,179.7816019,195.6692192,215.5038098,229.2446254,235.6124293,233.6151774,228.677236,233.9910764
Honduras,HND,0,0,0,0,0,0,0.040376411,0.246500814,0.583530318,1.286770033,2.490088703,3.73334653,5.026447085,5.723479373,10.4578002,18.57507619,31.84055311,58.29729484,84.81834019,112.3283833,124.7187583,103.6720092,92.87017414,95.91916853,93.51563642,95.54210945,91.2196774
Heavily indebted poor countries (HIPC),HPC,0,7.95E-05,0.000869524,0.001862185,0.0041613,0.010295282,0.026871597,0.06566403,0.14403465,0.282858668,0.598966884,1.075525569,1.6906969,2.762015049,4.258430921,6.365272868,10.74220631,16.69967421,24.77048278,30.86748582,36.90576949,45.30967217,51.35238176,57.57511764,63.15966688,67.98797214,67.79261561
Croatia,HRV,0.005006758,0.042070686,0.132006749,0.23899589,0.458153231,0.718264839,1.39727181,2.61691813,4.006694363,6.538459663,23.08276209,39.46668034,52.24918201,57.51727921,64.44748808,83.15832573,100.3790937,115.2253076,104.4643435,107.4733846,113.6081449,118.3013547,115.4136047,110.0543067,104.4313214,103.7666724,104.1129152
Haiti,HTI,0,0,0,0,0,0,0,0,0.120690009,0.296442489,0.641157609,1.049282205,1.580200539,3.557045958,4.381193159,5.401215155,12.78140119,26.27785531,33.20103068,37.35732558,40.41873813,41.86242333,59.90841158,69.39885695,64.70745958,68.84369285,60.53671899
Hungary,HUN,0.025469277,0.081743662,0.22472515,0.441073865,1.380157809,2.559893292,4.57770369,6.844830397,10.40708506,15.87960141,30.08846831,48.7187786,67.7194215,78.33164715,86.25517302,92.31411681,98.89553625,109.6328855,121.6811908,117.5591879,119.9427178,116.9434928,116.070556,116.4278724,118.0538283,118.9116649,119.1135215
IBRD only,IBD,0.009694146,0.019647277,0.039263811,0.076464166,0.159588719,0.316126,0.560155439,1.025231853,1.676819068,3.034967856,5.478570722,8.520076973,11.78522742,15.91920108,21.78634631,29.33415058,37.89933486,47.39376488,57.85621204,68.25025415,79.49981302,88.36273979,92.70462127,97.65395831,100.5270637,101.2596195,105.7898485
IDA & IBRD total,IBT,0.007851681,0.015978623,0.0321466,0.062598257,0.130013554,0.254128654,0.44920753,0.820921111,1.341251653,2.42471466,4.377843931,6.831762057,9.507939745,12.8981748,17.85871381,24.41023391,32.50885585,41.51414185,51.70160322,60.97742654,71.0283298,79.57707007,84.27282437,89.43675486,92.96753467,94.29192692,97.78638549
IDA total,IDA,0.000254266,0.000996442,0.00215322,0.004847306,0.0083467,0.013210103,0.023532623,0.044856172,0.086402577,0.171251907,0.362915742,0.746750972,1.395249669,2.267571896,4.104816021,7.399323855,13.95920038,21.76574389,31.27718986,37.13605615,43.80651818,51.48213328,57.64370215,63.80596513,69.69174436,73.11840849,73.77864875
IDA blend,IDB,0.000746923,0.002935302,0.004911345,0.008732025,0.013514619,0.019758414,0.031635997,0.057590908,0.087930271,0.171023051,0.351088592,0.827756574,1.713071115,2.642316392,5.306961122,10.35553666,20.22778567,30.84942281,44.87200601,50.94874479,57.38599099,62.69438331,68.46687549,72.8017919,75.85974296,75.64863847,77.39584058
Indonesia,IDN,0.010130254,0.013492764,0.019222694,0.028421554,0.040831947,0.108515907,0.285399813,0.457970991,0.525057963,1.078418633,1.756173957,3.076348345,5.440891607,8.478396795,13.70874711,20.89708826,28.01943927,40.43198063,60.01372486,68.9204184,87.79014493,102.4626496,114.218131,125.3581426,128.7844341,132.5524815,149.1275754
IDA only,IDX,0,0,0.000640977,0.002720645,0.005520843,0.009869542,0.019403189,0.038424954,0.085624885,0.171368315,0.368922951,0.705694619,1.234587981,2.078213791,3.495139262,5.906289982,10.75996069,17.21925941,24.4769919,30.2307662,37.09800983,45.8819622,52.2390493,59.31353408,66.61060357,71.85521081,71.97351706
Isle of Man,IMN,,,,,,,,,,,,,,,,,,,,,,,,,,,
India,IND,0,0,0,0,0,0.008022562,0.033701672,0.089033266,0.118621095,0.183832581,0.343205051,0.617271781,1.207386542,3.080125045,4.701852372,7.997206759,14.52388234,20.1553755,29.53103968,44.12009108,62.39006487,73.19803895,69.92238977,70.78318167,74.48376991,78.06172564,86.95018782
Not classified,INX,,,,,,,,,,,,,,,,,,,,,,,,,,,
Ireland,IRL,0.707977634,0.90457037,1.239692939,1.713445217,2.453545736,4.37561861,7.932034067,14.8509496,25.52193159,44.70952009,64.69946298,76.82678973,76.22193286,87.26760636,94.47377374,102.6935533,110.9801131,115.8530739,116.0047081,106.6677293,105.2358099,108.479355,109.5672317,105.4810788,105.0302095,103.7054863,103.6471191
"Iran, Islamic Rep.",IRN,0,0,0,0,0.015419914,0.026298054,0.09760113,0.382047218,0.612075354,0.756224827,1.460445511,3.12208672,3.365177521,5.033143273,7.319761151,12.13146655,21.67657012,41.45707252,59.17901883,71.4616386,72.58942289,74.30366228,76.09808684,84.24610052,87.79273111,93.38482985,100.0746506
Iraq,IRQ,0,0,0,0,0,0,0,0,0,0,0,0,0.079244744,0.308171977,2.151945659,5.599581693,33.30009751,48.78540241,59.56201784,66.69344323,75.13766061,80.15512761,81.62784646,96.10477428,94.9127868,93.82749352,82.18155372
Iceland,ISL,3.928108935,5.007634418,5.868139056,6.634957295,8.246726037,11.54703239,17.32947288,23.96205251,37.8418394,62.00750065,76.41724807,87.35284592,90.76740239,96.46287833,98.94191084,95.40447185,100.4087225,106.9324528,108.897393,108.2570649,107.2427541,106.8414418,108.054513,108.1111263,111.0801927,114.0145756,118.0121358
Israel,ISR,0.338729821,0.495518787,0.75107401,1.293391516,2.583802439,8.354980904,19.09479005,29.70554874,37.24716556,48.88595196,73.16613652,89.73880798,100.9785288,104.2462475,111.6505837,117.4648609,124.3388396,128.454728,126.3854986,124.0341367,122.7836679,121.9782701,120.6843884,122.8478352,121.4506526,133.4675501,131.6662255
Italy,ITA,0.468047382,0.999024175,1.376232801,2.120206352,3.932290383,6.886434446,11.27907186,20.63367341,36.04026526,53.2698128,74.13388725,89.59054415,94.25849261,98.10254268,107.6937662,121.8642226,136.121113,150.962827,150.8856458,149.5058395,154.7970088,158.145883,159.6276155,158.8172931,147.2315035,143.4217413,140.4254958
Jamaica,JAM,0,0.102780276,0.318010492,0.62934611,1.069988634,1.833349512,2.198589265,2.62987066,3.102606933,5.643288716,14.21072341,22.9496504,47.39667326,59.5500915,68.93370547,73.87598526,84.36418744,99.12039649,100.164076,108.2941099,116.0682988,106.9237357,98.04968759,102.2381648,107.3835311,111.514583,115.5722826
Jordan,JOR,0.042847108,0.041317981,0.039058232,0.036805421,0.034812194,0.27406405,0.541761443,0.989408624,1.780031019,2.519897737,8.158384017,17.90295067,24.87463731,26.59397758,31.89416724,59.88643393,79.99969054,84.36638062,89.88973816,97.2992605,102.5632445,111.1631725,128.1735327,141.7962745,147.803889,179.4330122,196.3111358
Japan,JPN,0.710088407,1.123129273,1.390274425,1.723586246,3.490181339,9.408600615,21.56058437,30.59119313,37.76545041,45.30199511,53.12376978,59.39257273,64.25260095,68.48920048,72.15580043,75.98436507,78.51905384,84.35360774,86.70710553,91.31743648,96.80752449,104.2742326,110.9073543,116.3154258,122.1577296,126.5421967,129.7529409
Kazakhstan,KAZ,0,0,0,0,0.002539553,0.029582694,0.063930025,0.074254448,0.199889072,0.337203384,1.353628011,3.997457287,7.023092365,9.023272289,16.42011664,35.83356656,51.0647485,80.03793182,95.77525322,108.3821491,121.867001,156.7946524,185.8215629,184.6947548,172.1913053,156.8789431,149.9946399
Kenya,KEN,0,0,0.004393508,0.004497055,0.007471468,0.008312034,0.010026174,0.023379915,0.03621275,0.077946501,0.407236044,1.867625738,3.597282273,4.69188758,7.309274576,12.88773918,19.96957736,30.06283272,42.04847839,48.62445283,61.03491308,66.8146089,71.17433333,71.76404552,73.84324808,80.67820274,81.28155256
Kyrgyz Republic,KGZ,0,0,0,0,0,0,0,0,0.027985829,0.052542783,0.181640211,0.541281538,1.06095982,2.760361261,5.247235178,10.74198875,24.82981805,42.23224718,65.30377271,85.22197941,98.89869621,116.1691884,124.1795305,121.4498189,134.4608681,132.7972052,131.3766535
Cambodia,KHM,0,0,0,0.047730546,0.098166222,0.13092897,0.208266253,0.29445528,0.524974387,0.745096324,1.068055124,1.791593179,2.989928034,3.853206909,6.551636708,7.95123006,12.70116666,18.79147363,30.39341867,44.31490591,56.74071111,94.18821019,128.5272115,133.8902393,132.7337981,133.0003478,124.9438457
Kiribati,KIR,0,0,0,0,0,0,0,0,0.027493814,0.245769689,0.362371358,0.468781524,0.576929801,0.602030422,0.6915085,0.718486095,0.761258469,0.802989261,1.054496373,10.29063487,10.83965092,13.89219144,17.85962336,19.54060048,28.8622501,38.8423097,51.3107566
St. Kitts and Nevis,KNA,0,,,,,,0.691387615,0.467129999,0.991191908,1.557701722,2.634814685,4.544077552,10.65325777,46.14190734,59.89136945,103.7872159,102.3623628,127.7784381,145.7640383,145.9473043,152.8117359,145.3625569,141.8333831,142.0900149,118.6369527,131.8423144,136.8702304
"Korea, Rep.",KOR,0.186178272,0.383052472,0.62196189,1.071053458,2.164843483,3.675661704,7.078148774,15.21163954,30.81749792,51.2497731,58.32541383,62.87887506,69.71267379,72.09806317,78.17313661,81.52202954,84.99862058,93.26624778,95.27662025,99.54168558,104.7742463,107.7446102,109.4316142,110.9984678,115.7099812,118.4619172,122.6505247
Kuwait,KWT,1.006663838,2.15037524,2.699075329,3.656986692,5.17054703,7.414872617,9.529321669,12.83619367,14.51624891,16.49797487,24.97074069,44.32587231,59.90532323,67.09655714,80.79191756,60.18706501,48.79420214,55.82934104,55.50663695,91.87085234,133.0114856,157.9080265,156.8991317,190.2883477,218.4302852,163.1505451,146.5511282
Latin America & Caribbean (excluding high income),LAC,0.021143338,0.052248722,0.117764267,0.211647815,0.429744707,0.733063095,1.255300369,2.476377559,4.012946046,7.4253783,11.65855235,15.16202585,17.97096485,22.23077635,30.59467316,42.06544157,52.96800586,65.71060132,78.69143405,86.84358425,95.5055655,104.0338884,108.4705661,114.3134596,113.6590471,109.8447862,108.3154159
Lao PDR,LAO,0,0,0.006447558,0.007349983,0.013154732,0.031592094,0.076003812,0.096434494,0.124074727,0.227966538,0.235344074,0.540111284,0.994726112,1.998106804,3.582856417,11.35500253,17.12308321,24.58574175,32.93844548,51.6059112,62.59497573,84.04519396,64.70225602,68.13586427,66.99333256,53.0961079,55.39316947
Lebanon,LBN,0,0,0,0,0,3.955949187,6.447444858,12.08968939,16.2266451,19.8624769,22.96484493,22.83637122,22.04753436,21.55653896,22.9512438,24.92075854,27.11958337,30.43615738,34.08910658,56.28348894,65.96644347,77.19001676,80.80708333,80.56367407,88.34778452,92.16457338,96.37083293
Liberia,LBR,0,0,0,0,0,0,0,0,0,0,0.051867794,0.066694011,0.162830754,1.512376521,2.963283483,4.893286594,8.272298053,15.9839014,23.26963112,28.39406088,39.69964553,49.52909493,56.79362644,59.40217188,73.35344914,81.09358204,83.09673035
Libya,LBY,0,0,0,0,0,0,0,0.20307261,0.399262164,0.589050841,0.772769907,0.950809491,1.310765939,2.342044756,9.07935355,35.74971624,69.06848267,77.82628758,125.5633801,159.8519698,180.4452926,163.847587,155.7690861,165.0449946,135.8782317,154.2972386,119.7847459
St. Lucia,LCA,0,,,,0.360727513,0.680087051,0.939837005,1.059644754,1.241294605,1.483172441,1.592874118,1.701859439,8.933508929,61.1995104,61.78881684,63.87637766,62.98536306,86.39486568,101.3378953,108.2979452,111.7335693,120.7836181,119.4227898,116.3436164,102.5888082,101.516192,94.81554638
Latin America & Caribbean,LCN,0.028254157,0.065868373,0.140697681,0.242449662,0.473334677,0.809949041,1.347863911,2.543574525,4.170794373,7.755066033,12.14390138,15.90731238,18.81185158,23.0821662,31.5383699,42.89606816,53.97063599,66.5577838,79.23539538,87.43967138,96.37193462,104.9358905,109.4414012,114.9850704,114.3861537,110.6088296,109.0748463
Least developed countries: UN classification,LDC,0,0,0.000458792,0.002611606,0.005095229,0.009019574,0.015822176,0.029480574,0.06457726,0.118900828,0.265031503,0.530732326,0.996695926,1.678814299,2.820364133,4.974639501,9.112763242,15.06091494,21.63002293,26.47286265,33.08579674,42.16230061,48.54264618,55.80229545,63.09292578,67.92502925,67.67316443
Low income,LIC,0,0,6.89E-05,0.000279804,0.000884608,0.005382512,0.010084564,0.021251709,0.055905681,0.141493567,0.328224203,0.584093464,0.988027922,1.76273423,2.698739409,4.011206909,6.972299109,11.53443273,17.73774448,22.54873138,28.68284417,35.95257316,41.88551289,49.05040681,54.67972575,60.03472207,60.15643638
Liechtenstein,LIE,0,,,,,,,,23.27241133,27.54315094,30.21787085,32.86034354,33.712782,73.22574031,74.03106402,79.16810593,82.09146968,90.66783732,95.55393176,97.62628657,98.28349945,101.5994284,98.42863378,104.0677048,109.2971985,109.3136862,116.3963104
Sri Lanka,LKA,0.00583007,0.010266433,0.014909799,0.081953185,0.161302474,0.281311331,0.386704011,0.62189487,0.937791896,1.372850693,2.282674554,3.50715883,4.835730796,7.144934955,11.20278283,16.84991212,26.87761576,39.32382822,54.18660423,79.14612039,83.62395495,87.54590803,91.63310875,95.49632054,103.1578481,110.5858631,118.4947757
Lower middle income,LMC,0.001484853,0.004042005,0.006327172,0.01171517,0.019717439,0.050625056,0.11036611,0.194500329,0.26979181,0.500428128,1.068710619,1.993995963,3.110953458,5.130725916,8.180640952,13.16150377,21.43113577,30.88312178,42.66054609,53.98293547,67.59922616,77.93951684,80.60902569,83.67454503,87.92029319,90.02968711,95.33333742
Low & middle income,LMY,0.007570444,0.015235865,0.030760006,0.060554199,0.127114588,0.248742496,0.438453945,0.797428467,1.285357247,2.304115074,4.183175914,6.551885633,9.146384923,12.46736649,17.30450526,23.73850961,31.67337787,40.60587758,50.77421699,60.05373056,70.0768152,78.58358066,83.23151246,88.39461733,91.96029196,93.3745262,96.88971463
Lesotho,LSO,0,0,0,0,0,0,0.070930875,0.19426324,0.539687716,0.65231182,1.163652036,3.045685279,7.316571262,6.633286935,10.26206811,12.97020943,18.44519698,24.66811263,30.07891192,33.21820036,49.15315236,60.72157105,75.30007872,86.30152835,101.9679515,100.9445238,106.574927
Late-demographic dividend,LTE,0.016548027,0.028253223,0.052389652,0.108085637,0.222997004,0.459960085,0.798047379,1.413350388,2.308766117,4.078463455,7.334092617,11.76519108,16.68168473,22.1948353,29.70488281,37.83688754,45.60345208,55.10771017,65.22735972,74.36773992,82.95050896,90.61841921,98.28595196,105.1492467,108.962048,107.3970198,110.3825981
Lithuania,LTU,0,0,0.007237018,0.033825344,0.123604654,0.407791561,1.413556028,4.614134791,7.519752997,9.402616646,14.97807884,29.40820126,48.09591311,62.22474478,91.53684127,132.4531715,145.6770199,153.9793573,159.7881851,159.9465566,159.3953899,162.221828,165.055831,151.3449586,141.8611987,139.5163805,140.7098117
Luxembourg,LUX,0.215825454,0.294804301,0.286150081,1.280710464,3.204244164,6.575491484,10.8694602,16.0027049,30.64574459,48.5058015,69.54055275,92.94015273,106.6458636,120.5827345,104.0863873,111.3909232,152.9357005,143.7137566,145.0821859,144.5446442,143.1426406,148.1506658,145.3599468,148.6426713,149.4892513,148.5105686,147.8367286
Latvia,LVA,0,0,0.039328979,0.14794034,0.331189288,0.603017378,1.159335396,3.166808235,6.935166587,11.45715573,16.92073434,28.00633094,39.58103986,53.30713618,68.06697415,84.02031102,99.37820811,102.3002948,107.4991886,109.0545685,110.3123196,111.3637843,127.6857527,124.7611955,116.7991354,127.5007249,131.1592991
"Macao SAR, China",MAC,0.620456725,1.31182947,2.782696619,3.930750232,5.473693346,9.004941537,11.05246144,12.82549129,19.60650414,27.75920912,32.65795646,44.3925767,62.17223911,80.76816408,94.3097906,113.800948,132.6253418,161.052988,183.7526205,198.8777206,209.9151556,247.7116047,289.7820156,304.0821011,322.5915365,324.4408131,332.0907008
St. Martin (French part),MAF,,,,,,,,,,,,,,,,,,,,,,,,,,,
Morocco,MAR,0.003663631,0.005969421,0.012581316,0.025865041,0.05220786,0.109979867,0.157659667,0.269510477,0.416387264,1.30109029,8.157401485,16.44227749,21.14761119,24.87540363,31.27322579,41.13733424,52.6556339,65.31204171,73.70564595,80.92564452,101.074253,114.019338,119.9722162,128.5252097,131.713056,126.8723216,120.7233508
Monaco,MCO,0,0,0,3.815780742,8.41139927,9.788273616,17.43566562,23.04589975,36.40574928,41.1385438,43.4119884,44.18834579,45.55171041,45.74435817,47.23205182,50.8489115,53.26602462,58.26407334,61.64882587,63.33645426,63.54729271,85.3144038,88.3339099,93.74322645,88.46477171,88.77870564,86.25718875
Moldova,MDA,0,0,0,0,0,0.000322649,0.02135537,0.051537046,0.165808961,0.431908228,3.384313924,5.56850887,8.521582045,12.21462166,20.55923738,28.92959183,36.55327717,51.2664194,66.64125769,59.27754616,71.38468703,90.80797013,101.9890274,106.0114063,107.9952216,108.0396517,110.9931725
Madagascar,MDG,0,0,0,0,0.002300657,0.009663613,0.016567447,0.028612824,0.08643535,0.234242473,0.40072885,0.908488031,0.974006438,1.644891137,1.879643651,2.789819618,5.555513652,11.44808924,24.26502318,30.65911646,36.5839289,40.04243013,39.37666576,36.90806976,41.20948014,44.12458392,41.78842306
Maldives,MDV,0,0,0,0,0,0,0.007978967,0.503224145,0.613040275,1.094011725,2.800417973,6.800683884,14.81875767,23.11105239,38.71591939,68.42621717,89.50813176,101.719445,138.8041154,143.2052806,151.783883,159.7911219,165.6257202,181.1940074,189.3831136,206.6562192,222.9852803
Middle East & North Africa,MEA,0.040852033,0.060096401,0.072052631,0.098930511,0.148921586,0.346883773,0.712470885,1.214199317,1.707179743,2.476591392,4.616647348,7.619606522,10.37697167,13.45635873,18.62308736,28.65162516,41.01747779,56.76405278,68.79413804,82.72177003,92.92326544,99.66948467,104.8890387,110.5943456,111.2814095,111.8945965,111.2351072
Mexico,MEX,0.074266061,0.183067275,0.348322481,0.421293924,0.608553991,0.721767371,1.051320868,1.758956617,3.326889843,7.556565917,13.55289414,20.65462731,24.29476815,27.85371761,35.15321825,42.56115672,49.40875353,58.62729509,65.49948112,71.45817512,77.51826326,79.24118294,83.35070827,87.26009943,84.77302461,85.9885633,88.2255718
Marshall Islands,MHL,0,0,0,0,0.553611325,0.51744414,0.71015818,0.901406271,0.664458226,0.850679776,0.856962098,0.937068833,1.05826192,1.147462343,1.236701617,1.267816666,,,,,,,,,29.37163647,29.24914611,
Middle income,MIC,0.008166982,0.016450837,0.032957408,0.064924005,0.136386093,0.269230541,0.474997772,0.864550265,1.392990439,2.495965765,4.529652079,7.095972571,9.901174421,13.47237237,18.67845775,25.62154767,34.0169948,43.49330941,54.10288054,63.88728792,74.45179923,83.16226094,87.73942232,92.74962749,96.15191591,97.17982851,101.1453628
"Macedonia, FYR",MKD,0,0,0,0,0,0,0.053564006,0.620679856,1.494548007,2.395345854,5.640386155,10.81183556,17.61178072,37.29216586,47.25448381,54.11398038,60.36108494,85.5869447,93.74690592,92.50951414,102.4359533,105.1967071,106.1686238,106.1738133,105.5019507,98.78307513,100.6936412
Mali,MLI,0,0,0,0,0,0,0.012871175,0.030035121,0.046054694,0.064015263,0.10133933,0.227184768,0.422451786,2.203465197,3.51562473,6.381119979,12.27489738,19.8881407,26.17209427,32.89656779,53.19893999,75.06504419,98.37926527,129.0669372,149.0691312,139.6118556,120.3134276
Malta,MLT,0,0.600709786,0.911762254,1.365578155,1.912899318,2.727651884,3.135205093,4.407620841,5.581290502,9.253024283,28.08241867,58.52032186,67.44548628,70.42230263,74.0777404,78.11509185,83.24155512,88.03028855,91.64440727,99.81341872,107.2611822,122.3737909,124.4209424,129.7545011,126.9868835,121.5476801,124.8213579
Myanmar,MMR,0,0,0,0.001459615,0.004296639,0.006101938,0.015785413,0.018198005,0.017996161,0.023763903,0.027649475,0.04636746,0.097403007,0.134168659,0.18536679,0.256471471,0.424185551,0.487204548,0.717919003,0.974001217,1.143820373,2.375550859,7.064027247,12.82858801,54.03928721,75.68406821,89.261539
Middle East & North Africa (excluding high income),MNA,0.003428692,0.005869993,0.007552199,0.011273752,0.01784531,0.080539544,0.141461465,0.326270907,0.484323715,0.846318592,2.207465338,4.385947254,6.019610946,8.400066911,13.02923186,22.39163741,34.28350674,48.6185556,59.66262334,72.45628216,82.04816394,89.10250589,95.07101983,100.8013781,101.5157975,102.3276601,102.8436976
Montenegro,MNE,,,,,,,,,,,,,,,78.70336929,88.21084083,104.3490032,145.678213,187.1872419,208.9361132,188.6859395,186.7595594,159.539416,159.9499825,163.0293689,162.1559441,167.4799168
Mongolia,MNG,0,0,0,0,0,0,0.038850072,0.085626592,0.383423798,1.454509033,6.448456354,8.058953518,8.840752266,12.92233031,17.1735741,22.05448482,30.27549174,46.03282072,66.96882523,84.16299837,92.54376943,106.8296923,120.6945936,101.3564639,105.0609857,104.9641984,113.6270172
Northern Mariana Islands,MNP,0,,,1.404451266,1.395552475,2.086303418,,,,4.31835412,4.383785837,19.18130694,25.01788347,27.55839081,30.95414481,,,,,,,,,,,,
Mozambique,MOZ,0,0,0,0,0,0,0,0.014780106,0.038759156,0.068788234,0.279415996,0.812595994,1.318635599,2.192657947,3.463995267,7.158096552,10.83653425,13.89078923,19.3520095,25.55872869,30.14184555,31.95650185,34.93571402,48.00421557,69.81699867,74.23884829,66.25082328
Mauritania,MRT,0,0,0,0,0,0,0,0,0,0,0.564972795,3.957257336,8.592317244,11.83389774,17.0974578,23.69917779,32.74292687,42.46099968,61.11751406,62.06488083,76.9112489,89.52144655,106.0413193,102.5274559,94.19928487,89.32065985,86.51966206
Mauritius,MUS,0.20835997,0.233992787,0.268913275,0.36751084,0.512193086,1.039713789,1.824826146,3.681905532,5.183908342,8.68191259,15.1880406,22.83991451,28.9858312,38.40059593,45.31863157,54.16012507,63.49227878,76.11805478,84.46575593,88.58099786,96.7692919,104.7930618,119.8654035,123.2398186,132.2498241,140.5812628,144.2395617
Malawi,MWI,0,0,0,0,0,0.003833777,0.0364413,0.06728014,0.09812919,0.20430944,0.432804993,0.479473493,0.721460565,1.103986285,1.767311574,3.258578544,4.660239481,7.662757357,10.66389819,17.05611988,20.763471,25.56405677,29.2138369,32.33015944,33.46880863,37.93879778,40.32443197
Malaysia,MYS,0.475644054,0.694816981,1.044372977,1.725876473,2.829380142,4.849446866,7.15113869,9.171856982,9.841173744,13.05902224,21.86841916,30.86633635,37.08149429,44.69147335,57.60279414,75.62840062,73.93037394,87.07077496,101.5040904,108.4694083,119.7442976,127.477801,141.3296962,144.7153167,148.8298489,143.8900746,141.1722149
North America,NAC,2.07917403,2.922853997,4.18705001,5.960207561,8.841667998,12.23344292,15.80324765,19.54375525,24.19021377,29.80815345,37.48732685,43.68171969,47.79033577,53.60476681,61.04097919,66.80201482,74.45911875,80.05247166,83.35148579,86.85458856,89.77979447,92.80045047,94.39302337,95.45579433,107.3079985,114.1375033,122.8686021
Namibia,NAM,0,0,0,0,0,0.211580847,0.38960681,0.711047806,1.077515349,1.615379272,4.320444184,5.519649642,7.659693112,11.28946209,14.28104347,22.14362322,29.65740203,38.46157543,49.83913613,76.11744914,89.49525165,98.95730464,95.01813098,118.4342133,113.7562458,106.5812144,109.189536
New Caledonia,NCL,0,0,0,0,0,0.436000423,1.064637997,2.628890485,6.458674882,12.35454885,23.78362935,31.74893301,36.7444424,43.8568048,51.7322114,58.70432068,66.71918112,74.75973869,82.05939966,86.27936079,89.62249218,91.00189762,91.24844463,93.76364544,93.56333518,98.90935485,
Niger,NER,0,0,0,0,0,0,0,0.000994962,0.013205028,0.020686548,0.018708231,0.018654958,0.48692184,0.672145676,1.356695235,2.456446921,3.530777893,6.339238428,12.8758415,16.9836557,23.0821922,28.72476707,31.44796172,39.2922097,44.43748576,46.49586525,48.87478182
Nigeria,NGA,0,0,0,0.008773108,0.012103699,0.011989874,0.012593755,0.013160263,0.017113417,0.02086256,0.024414713,0.211468606,1.214203412,2.37606151,6.725926062,13.31581571,22.55327253,27.44502851,41.65682945,47.9584083,54.66094952,57.96066304,66.79811805,73.29196161,77.84154715,82.18573909,81.82253473
Nicaragua,NIC,0,0,0,0.007280292,0.047903009,0.094431584,0.107218744,0.15589969,0.370848963,0.880866443,1.770151267,3.177883143,4.520234723,8.776169743,13.71301519,20.51941453,33.12659154,44.71926088,54.83435642,58.23387447,68.05401524,81.68356887,97.66328039,111.9801766,114.5655993,116.1054805,122.1359784
Netherlands,NLD,0.530545271,0.767014891,1.099260436,1.420043747,2.095556871,3.495460441,6.548588399,11.00405144,21.36015147,42.76652187,67.8126917,76.48800198,75.42527387,81.81527264,91.23770356,97.12774476,105.6191836,117.2850348,124.9803611,121.6632867,115.4301505,118.9791426,117.9668468,116.1568948,116.4234077,123.5384297,129.9519713
Norway,NOR,4.641759278,5.499831432,6.601743926,8.618026799,13.57681303,22.50808984,28.76103723,37.99635075,46.66552105,59.64444389,71.77887831,79.58406308,83.54187575,89.05301366,98.61186058,102.8125884,104.2820191,106.7054572,109.0680027,110.7312823,114.4755401,115.8117293,116.092253,112.877719,112.6874832,111.1231883,110.0669767
Nepal,NPL,0,0,0,0,0,0,0,0,0,0.024239584,0.044107669,0.073075092,0.09078175,0.333803225,0.468575643,0.898764347,4.513927046,12.5968872,16.00035841,21.08831049,34.25298562,49.17622818,60.45131433,76.84979601,81.86605331,96.74910847,111.6960279
Nauru,NRU,0,0,0,1.543368659,4.562506337,5.015045135,5.980265125,7.45823389,8.454346529,9.956192752,11.94981079,14.92091913,,,,,,,,,61.84538653,66.839585,67.7830941,,,92.86702233,97.2972973
New Zealand,NZL,1.592120973,2.098081692,2.860303301,4.034191314,6.60149621,9.931810637,13.25678401,15.09009147,20.880303,36.54351285,39.96856428,58.56429927,61.81319895,64.64038903,74.20800059,85.3870367,90.85476294,100.4364319,107.9896947,108.7222796,107.8263131,109.1999113,110.3624066,105.7756947,112.0546897,121.8345852,124.9764861
OECD members,OED,0.988105609,1.403309237,1.95171425,2.77979337,4.386926541,6.937056168,10.8306443,15.27952005,21.87636564,32.1984173,45.24181202,53.62420908,58.68095532,64.32413651,71.43643716,78.75631943,86.20768201,94.12272295,98.19693313,100.025433,101.3599379,104.8219056,107.3942092,109.2148752,112.6706447,114.9312992,118.0199791
Oman,OMN,0.150820147,0.194797341,0.240182826,0.274767211,0.320066981,0.373712058,0.689338869,2.433734685,4.513768144,5.570166373,7.388707592,14.425922,20.05710427,24.86270055,32.72238932,52.85698711,71.15818396,97.28614462,124.1303432,149.0885859,164.3422859,158.9952836,159.25134,154.6459078,157.7532566,159.8605555,159.2187308
Other small states,OSS,0.152165654,0.22567267,0.308262928,0.43102096,0.679570086,1.210112739,1.89746797,2.888534253,4.368091298,6.896254838,11.53513838,16.13443763,20.946237,24.17995231,31.55294516,38.51589794,46.83932762,58.62113674,70.58171364,79.40758655,88.67526247,97.95739459,105.0605323,112.5669079,119.9922695,123.1465095,124.1606735
Pakistan,PAK,0.001800328,0.007441181,0.011509801,0.013296024,0.019977168,0.032334152,0.052303248,0.101070011,0.142990386,0.188940993,0.213090946,0.505665777,1.13467446,1.577483539,3.2374237,8.084502503,21.44519233,38.34402045,52.7038814,55.46464341,57.28341989,61.81345992,67.06360938,70.13037598,73.33219105,66.91662303,71.39413307
Panama,PAN,0,0,0,0,0,0,0.248709818,0.816973446,2.92806246,7.779308778,13.4345747,15.24642626,16.54407022,21.36524721,38.14169619,51.9541559,63.42264232,86.2390627,110.1806117,167.7804586,180.6992035,180.0781064,163.4167491,160.5684015,158.0542825,174.1943185,172.301549
Peru,PER,0.007578529,0.025660234,0.095145118,0.157267207,0.222020353,0.307206643,0.824805564,1.701558964,2.946195071,3.956483268,4.899434925,6.799862189,8.630568103,10.82372419,14.93424737,20.13959315,32.53576937,54.42326978,73.19257415,85.36705031,99.49532906,109.6118145,98.00011004,98.08298127,103.6106575,109.8669058,117.0617122
Philippines,PHL,0,0.054508405,0.086226172,0.153945411,0.252609789,0.70950518,1.347232983,1.84611551,2.330392072,3.749085447,8.311919376,15.33355244,19.00223229,27.24973903,39.1016922,40.52493944,49.06786375,64.52260075,75.37478912,82.26097224,88.98361743,99.09141423,105.4510985,104.5023215,111.2187234,115.7514163,109.1695706
Palau,PLW,,,,,,,,,,,,,12.55683269,19.91878173,19.81317849,30.39634299,41.70497701,53.14146535,57.67747676,62.64254817,70.89399121,74.95389692,82.63949118,85.78736017,90.60055932,111.5166033,
Papua New Guinea,PNG,0,0,0,0,0,0,0.047200797,0.077592785,0.108883976,0.134689553,0.1591307,0.193876721,0.265005167,0.301552461,0.812159649,1.230323235,1.601076692,4.689241614,13.34172509,21.14216485,27.83340587,34.22227108,37.7981892,40.97654202,44.92845743,46.64680858,48.55939602
Poland,POL,0,0,0.005724678,0.040871324,0.101261502,0.194906956,0.563666011,2.111734246,5.017180998,10.30601103,17.59256113,26.11177828,36.3068767,45.49288418,60.42064117,76.339145,96.20698849,108.3783985,115.0213925,117.3145306,122.9152946,131.2936783,141.5464567,149.0785439,148.8867021,142.6869959,146.2073477
Pre-demographic dividend,PRE,0,0,0.00032462,0.002938995,0.004923771,0.008577302,0.016376051,0.030454434,0.066051259,0.137243507,0.354893493,0.809620254,1.58239114,2.684698198,4.897684329,8.300880565,15.18542396,21.77938071,31.8608361,37.93960097,44.34814258,51.72578736,57.39475664,63.56266255,68.7507126,72.12832978,70.1738348
Puerto Rico,PRI,0.57899638,0.940707549,1.672777882,2.622388239,4.784861682,7.778517686,8.845403321,9.795459071,15.38576626,21.48996378,34.71439546,42.85358211,43.40052831,45.15286159,48.97574889,53.00157426,58.63957269,65.03405211,68.21954813,72.93243111,79.09024816,83.97889108,82.55282485,83.64642094,87.11106333,87.09082846,87.75217376
"Korea, Dem. Peoples Rep.",PRK,0,0,0,0,0,0,0,0,0,0,0,0,0,0,0,0,0,0,0,0.284184243,1.762897277,4.05987652,6.865028848,9.720640052,11.18810123,12.87997619,14.26329601
Portugal,PRT,0.065660213,0.127016808,0.374292451,1.012894051,1.726440031,3.375687267,6.544476984,14.79998641,30.07699652,45.51511117,64.66938516,77.07273739,83.40042883,95.82024424,100.8873537,108.9082765,116.0366893,127.6765737,132.9171729,111.4775969,115.3032751,116.3901378,112.3895255,113.035602,112.113913,110.4116639,109.0946689
Paraguay,PRY,0,0,0.033550037,0.07399501,0.16326722,0.329186723,0.669014665,1.677662887,4.512424467,8.312677792,15.34151749,21.05987579,29.92114508,31.15515588,30.19071933,31.96046184,53.74829108,76.63906251,92.86007628,88.51898491,91.65810722,99.32993534,101.5901938,103.6899605,105.604533,105.3895511,104.773063
West Bank and Gaza,PSE,0,,0,0,0,,,,,,0.220809518,5.345118817,7.480269311,7.707200452,12.5117523,15.94401571,22.58418848,27.42174925,34.43060748,45.98834706,64.88063436,70.1221307,74.30363013,73.74053318,72.07515264,77.62461212,76.8061735
Pacific island small states,PSS,0,0,0,0.008502225,0.11355962,0.198267314,0.29503835,0.43557101,0.618786265,1.508675875,3.149027738,4.44693504,5.286671782,7.509857498,10.13982581,14.57591762,20.23444922,35.92176466,39.92196466,47.91501056,55.12835504,63.11978863,69.64369334,72.3195334,74.96495366,80.09403672,80.3782042
Post-demographic dividend,PST,1.098241848,1.556048505,2.157308969,3.082463415,4.8750283,7.704189991,12.00603281,16.86979607,23.871723,34.43697371,47.65562911,55.91884717,60.89556505,66.67023136,73.79427943,82.00802907,90.4846539,98.30798027,102.1555518,104.1288627,104.8366072,108.379969,110.8328703,112.6154888,116.940827,119.5578493,122.4515997
French Polynesia,PYF,0,0,0,0,0,0.534386617,1.239955856,2.425648315,4.84280585,9.413365614,16.81649787,27.89336693,21.32374547,24.18160749,38.12383097,47.08024042,58.97621939,67.15560318,71.19146977,78.46706253,80.53643706,82.26223262,83.12248461,87.92187291,91.16908178,94.8968044,77.31703559
Qatar,QAT,0.799761603,0.836272414,0.864572738,0.871755055,2.329400169,3.685294341,5.614311695,8.210904435,11.94766401,14.74513025,20.35664898,29.08248993,42.35095158,57.03019214,68.06559844,87.28674958,95.05695524,109.696397,105.1777849,124.5951299,124.9603221,120.4784442,126.8564857,152.6441746,145.7647461,159.1317177,147.1018576
Romania,ROU,0,0,0,0.00344867,0.01202193,0.039488733,0.074424492,0.884783766,2.84561335,6.028479507,11.16205327,17.2348729,22.96939841,31.70897835,46.10214303,60.38971904,72.47089777,92.66014887,111.4046999,114.5422524,111.4288898,107.3871984,104.9886091,105.5829217,105.91415,107.1402041,106.434876
Russian Federation,RUS,0,0.000201914,0.004032303,0.006718503,0.018649723,0.059572491,0.15029596,0.32744683,0.505809984,0.9306548,2.223450492,5.302377987,12.10050689,24.94148522,51.07845314,83.37214422,104.8422057,119.176587,138.8686388,160.1018962,165.5010987,142.0484328,145.3276296,152.8353524,155.144239,159.9514859,163.2649275
Rwanda,RWA,0,0,0,0,0,0,0,0,0.069738333,0.14007359,0.464530312,0.742008878,0.916726444,1.432364759,1.483308604,2.36469608,3.252279849,6.397339361,12.93790517,23.07054695,32.74752019,39.89652123,49.66704344,56.80079399,64.02469114,70.48290534,69.9196415
South Asia,SAS,0.000265132,0.000887943,0.001383665,0.002577987,0.004450435,0.013612987,0.036678056,0.088549453,0.123165893,0.18884224,0.33363632,0.605016462,1.174506347,2.697282441,4.27225093,7.799621923,15.06016467,22.50256301,32.18016326,44.39865425,59.55146624,69.61364256,68.7540469,71.2042224,75.10159615,77.64081014,84.82807567
Saudi Arabia,SAU,0.091638458,0.091583609,0.091684168,0.089592938,0.087701216,0.08621589,1.011950648,1.742146861,3.253239323,4.264008629,6.830029352,12.10362407,22.94577415,31.67389518,38.49018452,57.36794477,77.6448435,109.5864024,136.5376287,167.4269561,189.1688419,194.5123877,187.3595577,184.2042369,179.5574636,176.5888132,157.5984256
Sudan,SDN,0,0,0,0,0,0,0.007113041,0.011974633,0.026421438,0.038958687,0.067275601,0.29668392,0.532659744,1.438819883,2.795882758,4.75898144,11.89555131,20.3550956,28.95430467,36.11230146,41.544029,68.77724454,74.36035887,72.85231291,72.19898961,70.52824566,68.62808337
Senegal,SEN,0,0,0,0,0.001156238,0.001400443,0.015793657,0.075752533,0.292795434,0.9136395,2.537610482,2.982582079,5.326721238,7.330495473,10.22390743,15.35030352,25.75017105,30.49821024,44.03321374,54.83107061,64.42744115,70.16017194,83.56861759,92.92798275,98.84217748,99.94675778,98.67802569
Singapore,SGP,1.71488965,2.642048066,3.758166967,5.438606939,6.952534047,8.786437875,12.0728218,23.22922974,29.30502362,42.66178346,70.11912902,74.35716693,80.09691896,84.07042831,91.20739002,97.53228591,103.7771628,125.190588,132.3000341,138.6858844,145.3956502,150.1160495,152.1251818,155.9222113,146.8850857,146.5260072,146.9228533
Solomon Islands,SLB,0,0,0,0,0.04123121,0.064024764,0.091219389,0.173221257,0.179772749,0.272349205,0.279141283,0.228319666,0.229718543,0.237489778,0.655269348,1.278483548,1.456073386,2.21478092,5.957806812,9.709416581,21.93953048,51.09173471,54.97600064,57.57076854,65.75650459,72.66468428,69.88571927
Sierra Leone,SLE,0,0,0,0,0,0,0,0,0,0,0.288422726,0.626096017,1.491192948,2.402285029,,,,14.3278776,18.23526126,20.56306639,34.77065968,36.43343754,36.96439058,65.65907347,76.65603826,89.52968035,97.6203972
El Salvador,SLV,0,0,0,0.0291568,0.085738294,0.234428837,0.400740518,0.685934241,2.325930133,8.625088108,12.47950508,14.33148118,14.79314975,19.06983255,30.28907507,39.71573336,63.17542366,100.2356543,112.9869326,122.3621667,123.8355503,132.9256445,137.3425261,141.8179045,144.0115781,145.255666,140.7478517
San Marino,SMR,0,,3.634014375,5.180727693,7.479726006,9.112149533,8.794474029,8.999004365,18.92025379,36.02316312,53.77655827,57.7201733,59.71707526,58.88501742,58.33048822,57.59865659,57.71656157,57.60937551,79.87822842,97.56010164,99.11214802,114.2263592,115.2110603,116.9549733,118.8481841,115.1625684,114.4887609
Somalia,SOM,0,0,0,0,0,0,0,0,0,0,1.083215895,1.117059269,1.277804385,2.488272151,6.060631772,5.905322562,6.33081064,6.733363626,6.859761851,6.833066584,6.726736849,18.16731553,22.55978195,49.38267841,50.89929334,52.46922266,58.12457508
Serbia,SRB,,,,,,,,,,,,,,,47.18490531,67.01974719,81.46443476,104.4842619,119.8285932,124.4012204,125.300784,130.248336,117.7744571,119.3917104,122.132822,120.5200243,120.6199913
Sub-Saharan Africa (excluding high income),SSA,0.001546684,0.001832935,0.003476783,0.011505584,0.070603985,0.103051254,0.180538035,0.34050596,0.612451522,0.995595871,1.717665422,2.493567068,3.579326421,4.961932486,7.397124495,12.01850057,17.74866393,23.17066166,31.88647047,37.67010652,44.40135887,53.08562681,59.67123624,65.98204813,70.86234632,76.06345275,74.36184022
South Sudan,SSD,,,,,,,,,,,,,,,,,,,,,14.44932189,17.33918627,21.22255382,25.25835962,24.50094636,23.85552521,21.54685511
Sub-Saharan Africa,SSF,0.001546473,0.001832689,0.003476287,0.011503953,0.070594054,0.103046504,0.180689004,0.340829925,0.613197841,0.997992876,1.72136386,2.498647536,3.585293899,4.968204083,7.403683227,12.02493278,17.75584378,23.17776271,31.89438616,37.679212,44.41018352,53.09439045,59.68015681,65.9901126,70.87121206,76.07124916,74.36992097
Small states,SST,0.112937948,0.178861271,0.267699661,0.394954907,0.62697132,1.109538207,1.656894369,2.43713272,3.600681018,5.858545309,10.86594599,15.93959947,22.2633877,27.2474771,35.27464234,42.64286366,52.7921308,64.74496804,75.73989475,84.07433968,91.76374858,97.96450294,102.704442,109.4842046,115.697885,118.6859295,120.181293
Sao Tome and Principe,STP,0,0,0,0,0,0,0,0,0,0,0,0,1.370744979,3.268115696,5.134511608,7.730815251,11.60157677,18.42156803,30.04463516,46.65723851,57.63965258,62.8015526,64.95124882,64.93966102,64.93769014,91.21712586,85.27638675
Suriname,SUR,0,0,0,0.254049952,0.321419268,0.387125496,0.546935486,0.504275623,1.323360945,3.802570538,8.795974869,18.38111013,22.57096974,34.61355976,43.13368221,46.60145779,63.34300634,74.4465973,127.5013,146.8572956,99.27727827,100.7099428,106.4593736,161.067802,170.5749874,136.8310311,145.9446016
Slovak Republic,SVK,0,0.002246115,0.02890518,0.058573645,0.111129032,0.22963108,0.53343499,3.720696079,8.644120373,12.32871626,23.08340185,39.85063974,54.25817009,68.28425592,79.34105099,84.2137302,90.65912525,112.2526739,101.9316827,101.3396205,109.04722,109.9775874,111.9121915,113.9111556,116.9401341,122.3101642,127.9869675
Slovenia,SVN,0,0.026082746,0.174706668,0.325073304,0.818517787,1.370636715,2.070905846,4.706932356,8.125779991,31.74230763,61.09944736,73.88356824,83.77681411,87.33423456,92.68311392,87.94625338,90.56940742,95.45856855,101.1035341,102.7485413,103.2965118,105.1696645,108.3881402,110.2112117,112.0830105,113.2193248,114.5590253
Sweden,SWE,5.3884126,6.594298056,7.559531019,8.864091559,15.71336635,22.74910726,28.16003761,35.77110377,46.37067378,57.83206475,71.8225431,80.75654186,89.20279254,98.42587931,97.81454363,100.8176707,105.6913243,110.456172,108.4404554,112.1339335,117.1611493,121.2222926,124.57217,125.5274913,127.8392622,130.3794052,126.6721371
Swaziland,SWZ,0,0,0,0,0,0,0,0,0.456889998,1.335685412,3.102334742,5.117416802,6.283595288,7.813009856,13.24493632,18.10541334,22.35630041,33.48085468,46.07241867,56.61109776,60.83084412,63.23757857,65.39478548,71.46778668,72.31972132,73.20000716,76.37120859
Sint Maarten (Dutch part),SXM,,,,,,,,,,,,,,,,,,,,,,,155.2023447,,,,
Seychelles,SYC,0,0,0,0,0,0.066283987,1.365344085,2.911640081,6.663157489,20.72662602,32.5431845,45.23571702,54.14654223,58.45424969,63.40334224,67.52015064,79.7415259,86.69867839,103.9754399,122.1811277,128.9218051,137.903463,147.8032034,147.342683,162.1932137,158.1201869,161.2275449
Syrian Arab Republic,SYR,0,0,0,0,0,0,0,0,0,0.025006627,0.183248542,1.197534229,2.353678293,6.850314444,13.27222453,16.23790613,24.86052316,31.87224564,34.6807165,47.65156589,54.31752074,59.24043734,59.29734384,56.12894219,63.85589141,64.2814892,54.23137169
Turks and Caicos Islands,TCA,0,0,0,0,0,0,0,,,,,,41.6375345,82.69690757,100.2397602,,,,,,,,,,,,
Chad,TCD,0,0,0,0,0,0,0,0,0,0,0.066255872,0.25519327,0.381697962,0.698081479,1.272630052,2.096977626,4.500299416,8.587287923,14.50506716,20.06204202,24.53167583,30.34478288,35.36487879,35.56437683,39.75097997,40.17306812,44.47888063
East Asia & Pacific (IDA & IBRD countries),TEA,0.011540788,0.021974428,0.043328036,0.092371594,0.184778843,0.386956483,0.679055847,1.130168983,1.752236449,3.021387589,5.787983243,9.879032574,14.25855669,18.73343795,23.86790244,28.50232707,34.21862847,43.10384283,53.03970913,61.40801309,70.77483109,80.8221324,89.69623291,96.75190517,101.8901653,102.4553358,108.3656446
Europe & Central Asia (IDA & IBRD countries),TEC,0.007633368,0.011886013,0.017932981,0.029221926,0.06613355,0.164303855,0.337382606,0.820896533,1.765198619,3.852944773,7.634721942,11.70662645,17.3411775,25.6120757,41.33283203,62.27864617,81.60869813,95.91673567,108.6258256,117.8416076,122.483546,120.3531921,123.4688251,128.0042906,129.3791649,130.0170472,130.4645768
Togo,TGO,0,0,0,0,0,0,0,0.066492152,0.162312718,0.358576107,1.027801412,1.902959101,3.22303878,4.632345279,6.161062986,7.827044226,12.45197504,20.40031837,25.87965477,35.59849145,41.26668606,41.64413476,49.86113051,62.53490181,64.57824151,67.70803859,74.91073994
Thailand,THA,0.111735514,0.216057464,0.434581425,0.712174554,1.26050362,2.200303493,3.096979262,3.660549703,3.246072667,3.796302633,4.901883807,11.97100258,27.35185035,33.52064989,41.42975138,46.46198345,60.90324472,80.17018406,93.43030345,99.50960309,108.0177685,116.331131,127.2920547,140.0511818,144.4387195,152.7312472,172.6452138
Tajikistan,TJK,0,0,0,0,0,0,0.001739917,0.005389767,0.006984944,0.010254877,0.01875156,0.025916869,0.206117376,0.729247341,2.025831908,3.893820654,30.91513694,29.99244131,50.49337123,65.79480935,77.88892202,80.9228584,81.50840493,91.8281242,95.12606037,98.59026032,106.6821621
Turkmenistan,TKM,0,0,0,0,0,0,0,0.057656946,0.068254835,0.089899216,0.166614128,0.17955684,0.177667308,0.197653332,1.06666644,2.211532447,4.516582511,7.85614367,23.08368224,42.83804536,63.41981696,103.7858737,114.0552619,116.893432,135.7804374,145.9387545,157.6673108
Latin America & the Caribbean (IDA & IBRD countries),TLA,0.024039091,0.059761981,0.130914028,0.228265111,0.449358846,0.772041835,1.318619397,2.541072484,4.173202599,7.817029288,12.23545262,16.03317652,18.99500098,23.36483931,32.00078675,43.62921141,54.96502678,67.81799132,80.7877739,89.09067092,98.13136907,106.8523381,111.3962613,117.0185571,116.2707434,112.2385118,110.5391297
Timor-Leste,TLS,0,,,,,,,,,,,,,2.148989306,2.660015078,3.321752598,4.823121119,7.551853518,11.90218654,32.9725585,43.82046413,56.02069885,55.73975905,57.37594218,119.3771644,117.3963134,125.0053617
Middle East & North Africa (IDA & IBRD countries),TMN,0.003460491,0.005869993,0.007625096,0.011385259,0.018026464,0.080539544,0.141461465,0.326270907,0.484323715,0.846318592,2.230731996,4.374603303,6.002247606,8.408321807,13.03540834,22.46882816,34.42421986,48.87497026,59.96988986,72.78090575,82.2602653,89.33878355,95.33160565,101.1437402,101.8914072,102.6455078,103.1815764
Tonga,TON,0,0,0,0,0,0.312734551,0.313870586,0.124257046,0.134033055,0.143653098,0.183744717,0.239584179,3.385040824,11.23471527,16.34785036,29.58795563,29.5728077,45.48387412,49.02716932,51.17954363,52.16238544,52.60439581,53.36331844,54.59396333,64.28314836,69.08600382,74.67005171
South Asia (IDA & IBRD),TSA,0.000265132,0.000887943,0.001383665,0.002577987,0.004450435,0.013612987,0.036678056,0.088549453,0.123165893,0.18884224,0.33363632,0.605016462,1.174506347,2.697282441,4.27225093,7.799621923,15.06016467,22.50256301,32.18016326,44.39865425,59.55146624,69.61364256,68.7540469,71.2042224,75.10159615,77.64081014,84.82807567
Sub-Saharan Africa (IDA & IBRD countries),TSS,0.001546473,0.001832689,0.003476287,0.011503953,0.070594054,0.103046504,0.180689004,0.340829925,0.613197841,0.997992876,1.72136386,2.498647536,3.585293899,4.968204083,7.403683227,12.02493278,17.75584378,23.17776271,31.89438616,37.679212,44.41018352,53.09439045,59.68015681,65.9901126,70.87121206,76.07124916,74.36992097
Trinidad and Tobago,TTO,0,0.034636793,0.103193087,0.134923377,0.207867451,0.506214736,0.757649807,1.359586952,2.083650154,3.056576593,12.76518557,20.12862843,20.56564686,26.19833192,50.46494092,71.25271699,116.519036,115.2483894,137.1963517,139.6083078,142.6283511,136.9908228,140.8425356,144.9406517,147.3377795,157.6727356,160.6083527
Tunisia,TUN,0.011714378,0.014893085,0.023225483,0.026164191,0.030665204,0.035457247,0.071298377,0.082881819,0.417204648,0.584649115,1.247438441,4.032357658,5.890825052,19.47260184,37.55460363,56.51703373,72.23298695,76.33512661,82.7810914,93.20555476,104.5370929,115.2010779,118.1056496,115.6035799,128.4857675,129.9114626,125.821724
Turkey,TUR,0.058911441,0.087100576,0.109996968,0.148443728,0.303364973,0.746945781,1.356502457,2.666464566,5.718854527,13.04791761,25.53785046,30.53479924,35.86941403,42.29340126,51.92193776,64.3740778,76.73832278,89.17829733,93.54864342,88.12268708,85.62758012,89.41002295,91.46374843,92.96497103,94.7933028,96.02134861,96.87246592
Tuvalu,TUV,0,0,0,0,0,0,0,0,0,0,0,0,0,0,5.18349575,13.41035692,16.4406083,18.4350676,,10.19575856,16.28167294,21.63754571,28.39756592,34.42689348,38.40711542,66.55909641,76.44337156
Tanzania,TZA,0,0,0,0,0.001276347,0.011688367,0.029362791,0.063952305,0.117177126,0.153542046,0.324856957,0.789674329,1.694829293,3.530932149,5.142308625,7.634377406,14.04274015,20.06824321,30.709868,40.03113033,46.65843734,55.36980391,56.96423843,55.71793149,62.77433234,75.85579688,74.36097518
Uganda,UGA,0,0,0,0,0,0.008423042,0.018684872,0.022640286,0.131691862,0.239741703,0.522799789,1.130100554,1.516028656,2.892006194,4.195756068,4.578959089,6.761102482,13.65261655,26.92003559,28.55294653,37.74438345,47.50472743,45.00206351,48.08192773,52.42923963,50.37278848,55.07464508
Ukraine,UKR,0,0,0,0.000126078,0.009729426,0.027372102,0.059030694,0.113442549,0.231119318,0.437415192,1.668508529,4.575427253,7.661123211,13.59298,28.94597129,63.67435357,104.7041786,118.4064976,119.8447225,118.750841,117.1087348,121.3388196,130.3399209,138.0646549,144.082159,144.0231793,132.6407689
Upper middle income,UMC,0.014429286,0.028136523,0.058240757,0.115837142,0.248936067,0.48164988,0.832377848,1.526240622,2.513588219,4.504676461,8.048931812,12.32872044,16.92421196,22.17448077,29.66910568,38.78976632,47.42261601,57.02786144,66.47733767,74.67763268,81.97117156,88.91420693,95.64698031,102.8844184,105.4003756,105.2720467,107.7735821
Uruguay,URY,0,0,0.054268974,0.156362743,0.213198969,1.237570103,2.42029077,3.034200069,4.597686833,9.644671738,12.36996893,15.63054405,15.43284748,14.9614589,18.04452826,34.73290719,69.96574097,89.9933321,104.7453819,122.3521626,131.589018,140.6072022,147.1306851,154.618466,160.7951457,150.5970413,148.7080881
United States,USA,2.075802366,2.939643902,4.249049037,6.103716586,9.104921407,12.6047249,16.23815248,20.14238484,24.89063952,30.57610298,38.46809105,44.69057874,48.85103822,54.84681409,62.54719598,68.31769507,76.29353842,82.06414479,85.20916517,88.62364611,91.31165202,94.44042596,96.01037609,97.07773939,110.2041935,117.5867444,127.1579358
Uzbekistan,UZB,0,0,0,0.002270342,0.004009233,0.016256445,0.040673617,0.0724346,0.110985339,0.164732289,0.213979368,0.510035685,0.737743132,1.255442999,2.110190903,2.764509731,9.606295141,21.34114016,45.79499837,59.93517855,75.45030892,90.3737516,71.03391446,74.30678167,73.79116465,73.31992547,77.32782184
St. Vincent and the Grenadines,VCT,0,,0.064814215,0.076782889,0.138723192,0.198849448,0.259072152,0.320367404,0.694939911,1.316289547,2.188198004,6.937743659,9.229773463,58.06115198,66.32154898,64.93852817,80.46608146,101.326058,119.1832023,110.8605113,120.5596619,120.5309217,116.1090946,114.6334104,105.1622459,103.6544334,102.98019
"Venezuela, RB",VEN,0.037597287,0.082101753,0.379670225,0.862938276,1.475034896,1.827799058,2.578818893,4.656348533,8.558457929,15.80594982,22.31756703,26.025208,25.82297154,27.19332266,32.06608836,46.75510423,69.10208356,86.13026924,97.48959044,98.39250828,95.99511185,97.56403127,102.0507277,101.614434,98.95200348,92.97221122,86.98981729
British Virgin Islands,VGB,0,,,,,,6.371455878,,,,,,37.17817641,,,,,83.41728793,89.43848188,177.1946349,174.5729714,168.0382257,173.3943321,188.4407748,191.7372733,198.59375,
Virgin Islands (U.S.),VIR,0,,,,,,,14.81454047,23.09020883,27.6673645,32.25479444,37.78418778,41.64284001,45.53893903,59.42573634,74.51191448,,,,,,,,,,,
Vietnam,VNM,0,0,0.001112669,0.00553412,0.016722953,0.0309129,0.089299977,0.205189937,0.281397441,0.410697465,0.974879067,1.530911368,2.304592878,3.289639633,5.894190884,11.293046,22.03265688,52.0189288,85.69645531,111.3650605,125.2930515,141.5998702,145.0218721,134.9650058,147.1108877,128.845052,128.0379261
Vanuatu,VUT,0,0,0,0,0.038974721,0.071922775,0.089638072,0.118283011,0.123544145,0.165429621,0.197235461,0.184906358,2.526424336,3.920543649,5.145614422,6.061850746,6.987989975,11.8181281,15.97174775,57.04643617,71.91524298,56.64535235,59.08065129,50.34122874,60.41440025,66.2470442,71.29786626
World,WLD,0.211148974,0.301782495,0.427001607,0.618240579,0.990182047,1.584961959,2.498897679,3.656376802,5.338881539,8.136814901,12.07461581,15.52569401,18.58021399,22.30470223,27.39883864,33.91078627,41.76050638,50.51853761,59.70244126,67.89061913,76.51726555,84.23339434,88.4978965,93.08739553,96.69662571,98.19122896,101.550816
Samoa,WSM,0,0,0,0,0,0,0,0.444854841,0.855595188,1.399647786,1.431729415,1.423957805,1.528948084,5.909600005,8.948846158,13.3386688,25.12798705,47.190518,,,48.37955373,,53.10102759,52.46937575,55.53012808,62.3703604,69.19435421
Kosovo,XKX,,,,,,,,,,,,,,,,32.41300396,32.41300396,32.41300396,32.41300396,32.41300396,32.41300396,,,,,,
"Yemen, Rep.",YEM,0,0,0.011885633,0.037663475,0.056894904,0.054933344,0.056551791,0.076112541,0.097475072,0.162466318,0.182861648,0.819950583,2.62339074,3.538342711,7.52573741,11.30882491,14.41207153,20.5314264,29.69557406,37.39604244,48.6974305,50.06821515,58.27503629,69.01477877,68.48627079,67.98097332,67.16990212
South Africa,ZAF,0.015437514,0.018836078,0.032367681,0.100950204,0.838227596,1.291434219,2.258077502,4.279063857,7.660999509,11.7386481,18.59462788,23.70080761,29.66584635,35.972583,43.82265902,70.40479553,81.0762872,85.27748184,89.52108369,91.24860878,97.90028646,123.1976544,130.557982,145.6440213,149.1935175,164.5116827,142.3848372
Zambia,ZMB,0,0,0,0,0,0.017497352,0.029989053,0.048819276,0.086243954,0.286507645,0.978647519,1.169642903,1.309049061,2.212121526,4.155423212,8.278615333,14.11800015,21.79280605,28.41083233,34.36001051,41.21205404,59.88466455,74.77514723,71.50463179,67.33816426,74.47177776,74.94774192
Zimbabwe,ZWE,0,0,0,0,0,0,0,0.047601602,0.155362034,1.404956282,2.130905435,2.494700186,2.680018119,2.869470879,3.354159171,5.091109468,6.673415953,9.620397232,12.94364591,30.96458524,58.88210564,68.86878087,91.90938245,96.3498668,80.81642131,84.78880444,83.1798941